doc_id	cause_num	adjudication_date	receipt_date	date_publ	judge	doc_url	court_code	judgment_code	justice_kind	category_code	status	exclude_reason
138916245	990/37/26	2026-07-16 00:00:00+03	2026-08-12 00:00:00+03	2026-08-13 00:00:00+03	Кривенда Олег Вікторович	https://od.reyestr.court.gov.ua/files/69/27fd8d20cdb8003a63b9f4bbca6267e9.rtf	9951	2	4	12680	1	likely_vp_appellate_admin_case
138916244	990/379/25	2026-07-23 00:00:00+03	2026-08-12 00:00:00+03	2026-08-13 00:00:00+03	Кривенда Олег Вікторович	https://od.reyestr.court.gov.ua/files/69/71f2fb05e70c7c329f0e5dc9919ac403.rtf	9951	2	4	40069	1	likely_vp_appellate_admin_case
138916243	990/143/26	2026-07-23 00:00:00+03	2026-08-12 00:00:00+03	2026-08-13 00:00:00+03	Кривенда Олег Вікторович	https://od.reyestr.court.gov.ua/files/69/b6435f3b34dc832eca38488d93d2149e.rtf	9951	2	4	40045	1	likely_vp_appellate_admin_case
139705810	990SСGС/30/24	2026-09-10 00:00:00+03	2026-09-15 00:00:00+03	2026-09-15 00:00:00+03	Губська Олена Анатоліївна	https://od.reyestr.court.gov.ua/files/69/b3ca5bd80f5761493f79a97c4501b98b.rtf	9951	2	4		1	likely_vp_appellate_admin_case
139705796	990/440/25	2026-09-10 00:00:00+03	2026-09-15 00:00:00+03	2026-09-15 00:00:00+03	Кривенда Олег Вікторович	https://od.reyestr.court.gov.ua/files/69/290639260afda217ea8339a0e4980721.rtf	9951	2	4	40069	1	likely_vp_appellate_admin_case
139705815	990/517/25	2026-09-10 00:00:00+03	2026-09-15 00:00:00+03	2026-09-15 00:00:00+03	Стрелець Тетяна Геннадіївна	https://od.reyestr.court.gov.ua/files/69/6e6ee80f3dd99dc4c7e98c3887a5a050.rtf	9951	2	4	40069	1	likely_vp_appellate_admin_case
139705808	990/301/25	2026-09-09 00:00:00+03	2026-09-15 00:00:00+03	2026-09-15 00:00:00+03	Гімон Микола Михайлович	https://od.reyestr.court.gov.ua/files/69/15e0d21470bc097d46ba06e901006d8b.rtf	9951	2	4	40069	1	likely_vp_appellate_admin_case
139705807	990SСGС/22/25	2026-09-10 00:00:00+03	2026-09-15 00:00:00+03	2026-09-15 00:00:00+03	Стрелець Тетяна Геннадіївна	https://od.reyestr.court.gov.ua/files/69/1fce787e88d30309ba18bca36a3d1b33.rtf	9951	2	4		1	likely_vp_appellate_admin_case
139705812	990/131/26	2026-09-10 00:00:00+03	2026-09-15 00:00:00+03	2026-09-15 00:00:00+03	Гімон Микола Михайлович	https://od.reyestr.court.gov.ua/files/69/d085c1f721e4c89ab16597b38cd902a2.rtf	9951	2	4	40060	1	likely_vp_appellate_admin_case
139705806	990/385/25	2026-09-09 00:00:00+03	2026-09-15 00:00:00+03	2026-09-15 00:00:00+03	Стрелець Тетяна Геннадіївна	https://od.reyestr.court.gov.ua/files/69/0400200fe8caa1592a07c310ae486e4a.rtf	9951	2	4	40071	1	likely_vp_appellate_admin_case
139746361	990SСGС/12/26	2026-09-10 00:00:00+03	2026-09-16 00:00:00+03	2026-09-16 00:00:00+03	Мартинюк Наталія Миколаївна	https://od.reyestr.court.gov.ua/files/69/b17b7c74f5ac2bfaad89e481e98a2734.rtf	9951	2	4		1	likely_vp_appellate_admin_case
139860458	990/387/24	2026-09-10 00:00:00+03	2026-09-18 00:00:00+03	2026-09-21 00:00:00+03	Гімон Микола Михайлович	https://od.reyestr.court.gov.ua/files/69/19ec019af765b4ae925552839817e280.rtf	9951	2	4	40059	1	likely_vp_appellate_admin_case
139860474	990/77/25	2026-09-17 00:00:00+03	2026-09-18 00:00:00+03	2026-09-21 00:00:00+03	Гімон Микола Михайлович	https://od.reyestr.court.gov.ua/files/69/aed3075a23e5b764fea9c256ccd3d9e7.rtf	9951	2	4	40071	1	likely_vp_appellate_admin_case
139924677	990/327/25	2026-09-17 00:00:00+03	2026-09-22 00:00:00+03	2026-09-22 00:00:00+03	Кривенда Олег Вікторович	https://od.reyestr.court.gov.ua/files/69/686bf88e382bbf4fe1a2e877a7cd22ed.rtf	9951	2	4	40069	1	likely_vp_appellate_admin_case
139924678	990/437/25	2026-09-17 00:00:00+03	2026-09-22 00:00:00+03	2026-09-22 00:00:00+03	Кривенда Олег Вікторович	https://od.reyestr.court.gov.ua/files/69/f47a63574f84e12c5929979cef56ad20.rtf	9951	2	4	40069	1	likely_vp_appellate_admin_case
139924679	990/21/23	2026-09-17 00:00:00+03	2026-09-22 00:00:00+03	2026-09-22 00:00:00+03	Губська Олена Анатоліївна	https://od.reyestr.court.gov.ua/files/69/fe8f9daab69695f40b1812a63d0869e2.rtf	9951	2	4	40059	1	likely_vp_appellate_admin_case
139924664	990/440/25	2026-09-10 00:00:00+03	2026-09-22 00:00:00+03	2026-09-22 00:00:00+03	Кривенда Олег Вікторович	https://od.reyestr.court.gov.ua/files/69/3817f8c8888037761f87add72ef5455e.rtf	9951	2	4	40069	1	likely_vp_appellate_admin_case
139924685	990/43/24	2026-09-17 00:00:00+03	2026-09-22 00:00:00+03	2026-09-22 00:00:00+03	Губська Олена Анатоліївна	https://od.reyestr.court.gov.ua/files/69/3e1a5b872e2a48bab11b9e3c62908f7b.rtf	9951	2	4	40069	1	likely_vp_appellate_admin_case
139924680	990/207/25	2026-09-10 00:00:00+03	2026-09-22 00:00:00+03	2026-09-22 00:00:00+03	Стрелець Тетяна Геннадіївна	https://od.reyestr.court.gov.ua/files/69/37b9e135d6b8115bdc58cb390231ac70.rtf	9951	2	4	40069	1	likely_vp_appellate_admin_case
139924666	990/70/26	2026-09-10 00:00:00+03	2026-09-22 00:00:00+03	2026-09-22 00:00:00+03	Кривенда Олег Вікторович	https://od.reyestr.court.gov.ua/files/69/dcdc77b8f4b7b6123f8553182eb3106d.rtf	9951	2	4	40059	1	likely_vp_appellate_admin_case
140021529	990/176/23	2026-09-22 00:00:00+03	2026-09-24 00:00:00+03	2026-09-25 00:00:00+03	Гімон Микола Михайлович	https://od.reyestr.court.gov.ua/files/70/a2629905c0789e9d1e8c1d36eabdb945.rtf	9951	2	4	40059	1	likely_vp_appellate_admin_case
140064385	990/358/25	2026-09-24 00:00:00+03	2026-09-25 00:00:00+03	2026-09-28 00:00:00+03	Кривенда Олег Вікторович	https://od.reyestr.court.gov.ua/files/70/a76bd8cb2bad8b14e4ada111bd4d2c98.rtf	9951	2	4	40069	1	likely_vp_appellate_admin_case
140064365	990/252/25	2026-09-23 00:00:00+03	2026-09-25 00:00:00+03	2026-09-28 00:00:00+03	Губська Олена Анатоліївна	https://od.reyestr.court.gov.ua/files/70/9f0b7a51960d40bd661ecdbf718201f3.rtf	9951	2	4	40069	1	likely_vp_appellate_admin_case
140064386	990/154/25	2026-09-23 00:00:00+03	2026-09-25 00:00:00+03	2026-09-28 00:00:00+03	Кривенда Олег Вікторович	https://od.reyestr.court.gov.ua/files/70/06f388b315c81399f1829b1307d32e18.rtf	9951	2	4	40069	1	likely_vp_appellate_admin_case
140064387	990/404/24	2026-09-24 00:00:00+03	2026-09-25 00:00:00+03	2026-09-28 00:00:00+03	Губська Олена Анатоліївна	https://od.reyestr.court.gov.ua/files/70/04d4cfca8c8a9b0b05829d810549b688.rtf	9951	2	4	40071	1	likely_vp_appellate_admin_case
140064388	990/293/24	2026-09-24 00:00:00+03	2026-09-25 00:00:00+03	2026-09-28 00:00:00+03	Стрелець Тетяна Геннадіївна	https://od.reyestr.court.gov.ua/files/70/e7b0b09466094c51a0ebcd7ef0e757bf.rtf	9951	2	4	40060	1	likely_vp_appellate_admin_case
140101511	990/598/25	2026-09-24 00:00:00+03	2026-09-28 00:00:00+03	2026-09-29 00:00:00+03	Стрелець Тетяна Геннадіївна	https://od.reyestr.court.gov.ua/files/70/aefd33c96df1239171fb65b893954bf5.rtf	9951	2	4	40071	1	likely_vp_appellate_admin_case
140231199	990SСGС/30/24	2026-09-10 00:00:00+03	2026-10-01 00:00:00+03	2026-10-02 00:00:00+03	Губська Олена Анатоліївна	https://od.reyestr.court.gov.ua/files/70/115efd0ed0353c1de905091267aea1cb.rtf	9951	2	4		1	likely_vp_appellate_admin_case
140231194	990/591/25	2026-09-10 00:00:00+03	2026-10-01 00:00:00+03	2026-10-02 00:00:00+03	Мартинюк Наталія Миколаївна	https://od.reyestr.court.gov.ua/files/70/5735b19b82c0ed40d9fb9d3a956a4e3e.rtf	9951	2	4	40069	1	likely_vp_appellate_admin_case
140231197	990SСGС/22/25	2026-09-10 00:00:00+03	2026-10-01 00:00:00+03	2026-10-02 00:00:00+03	Стрелець Тетяна Геннадіївна	https://od.reyestr.court.gov.ua/files/70/805676b247ab329ac55b282b093047b8.rtf	9951	2	4		1	likely_vp_appellate_admin_case
140231190	990/341/25	2026-09-17 00:00:00+03	2026-10-01 00:00:00+03	2026-10-02 00:00:00+03	Мартинюк Наталія Миколаївна	https://od.reyestr.court.gov.ua/files/70/b8bc429034146007f5200fe2356d9572.rtf	9951	2	4	40069	1	likely_vp_appellate_admin_case
140231214	990/393/25	2026-09-30 00:00:00+03	2026-10-01 00:00:00+03	2026-10-02 00:00:00+03	Стрелець Тетяна Геннадіївна	https://od.reyestr.court.gov.ua/files/70/0b835e7fc25d36c9a907cf51c80e7b06.rtf	9951	2	4	40070	1	likely_vp_appellate_admin_case
140231213	990/56/25	2026-09-30 00:00:00+03	2026-10-01 00:00:00+03	2026-10-02 00:00:00+03	Стрелець Тетяна Геннадіївна	https://od.reyestr.court.gov.ua/files/70/9cc82791e72453a2324b4d5b3c5ebb6f.rtf	9951	2	4	40060	1	likely_vp_appellate_admin_case
140231191	990/560/25	2026-09-17 00:00:00+03	2026-10-01 00:00:00+03	2026-10-02 00:00:00+03	Гімон Микола Михайлович	https://od.reyestr.court.gov.ua/files/70/293d12c8e300b2cbfdb6d7c1fbc26338.rtf	9951	2	4	40069	1	likely_vp_appellate_admin_case
140231189	990/87/25	2026-09-17 00:00:00+03	2026-10-01 00:00:00+03	2026-10-02 00:00:00+03	Мартинюк Наталія Миколаївна	https://od.reyestr.court.gov.ua/files/70/00b1a571097ad4018fd2b2a82be6cdb7.rtf	9951	2	4	40059	1	likely_vp_appellate_admin_case
140231188	990/430/25	2026-09-17 00:00:00+03	2026-10-01 00:00:00+03	2026-10-02 00:00:00+03	Мартинюк Наталія Миколаївна	https://od.reyestr.court.gov.ua/files/70/149309b03d526884252d95754a8950a4.rtf	9951	2	4	40069	1	likely_vp_appellate_admin_case
140309195	990SСGС/13/25	2026-10-01 00:00:00+03	2026-10-05 00:00:00+03	2026-10-06 00:00:00+03	Губська Олена Анатоліївна	https://od.reyestr.court.gov.ua/files/70/56c09aa6b873b7847fac8bb60c1e1f59.rtf	9951	2	4		1	likely_vp_appellate_admin_case
140309192	990/563/25	2026-10-01 00:00:00+03	2026-10-05 00:00:00+03	2026-10-06 00:00:00+03	Мартинюк Наталія Миколаївна	https://od.reyestr.court.gov.ua/files/70/bffc9722d36a241a66e5f40fcf88041c.rtf	9951	2	4	40060	1	likely_vp_appellate_admin_case
140309191	990SСGС/18/26	2026-10-01 00:00:00+03	2026-10-05 00:00:00+03	2026-10-06 00:00:00+03	Гімон Микола Михайлович	https://od.reyestr.court.gov.ua/files/70/5029b0273f2cd74adb061da7696f9282.rtf	9951	2	4		1	likely_vp_appellate_admin_case
140388358	990/73/26	2026-09-30 00:00:00+03	2026-10-07 00:00:00+03	2026-10-08 00:00:00+03	Гімон Микола Михайлович	https://od.reyestr.court.gov.ua/files/70/2b7119ac20f44a7a13102f6433e32426.rtf	9951	2	4	40065	1	likely_vp_appellate_admin_case
140388359	990/392/24	2026-10-01 00:00:00+03	2026-10-07 00:00:00+03	2026-10-08 00:00:00+03	Гімон Микола Михайлович	https://od.reyestr.court.gov.ua/files/70/17edc6a17d895649426b910045a402e3.rtf	9951	2	4	40060	1	likely_vp_appellate_admin_case
140388355	990/219/26	2026-10-01 00:00:00+03	2026-10-07 00:00:00+03	2026-10-08 00:00:00+03	Стрелець Тетяна Геннадіївна	https://od.reyestr.court.gov.ua/files/70/2d976beae242f46e005436974a697c7f.rtf	9951	2	4	40059	1	likely_vp_appellate_admin_case
140388354	990/7/26	2026-10-01 00:00:00+03	2026-10-07 00:00:00+03	2026-10-08 00:00:00+03	Стрелець Тетяна Геннадіївна	https://od.reyestr.court.gov.ua/files/70/035b173b52f0b17bc72fe907b94aa3a1.rtf	9951	2	4	40069	1	likely_vp_appellate_admin_case
140388356	990SСGС/55/25	2026-10-01 00:00:00+03	2026-10-07 00:00:00+03	2026-10-08 00:00:00+03	Стрелець Тетяна Геннадіївна	https://od.reyestr.court.gov.ua/files/70/cebb26621d85562c46b291615f513673.rtf	9951	2	4		1	likely_vp_appellate_admin_case
