doc_id	cause_num	adjudication_date	receipt_date	date_publ	judge	doc_url	court_code	court_name	judgment_code	justice_kind	category_code	status	char_count	selection_reason
140388360	229/188/22	2026-09-30 00:00:00+03	2026-10-07 00:00:00+03	2026-10-08 00:00:00+03	Король Володимир Володимирович	https://od.reyestr.court.gov.ua/files/70/04021a221bfabe8ca8fec8571120f8ef.rtf	9951		2	2	40576	1	71188	latest_publication_and_longer_text
140231198	922/2484/24	2026-09-16 00:00:00+03	2026-10-01 00:00:00+03	2026-10-02 00:00:00+03	Уркевич Віталій Юрійович	https://od.reyestr.court.gov.ua/files/70/e2f2aba1278da0eb8e9e81291b511be0.rtf	9951		2	3	40187	1	82610	latest_publication_and_longer_text
140021534	753/19313/24	2026-09-23 00:00:00+03	2026-09-24 00:00:00+03	2026-09-25 00:00:00+03	Стефанів Надія Степанівна	https://od.reyestr.court.gov.ua/files/70/13b6abb251e1e232a2fa0eed3445de1a.rtf	9951		2	2	40933	1	15106	single_record_large_text
139924670	607/15144/20	2026-09-09 00:00:00+03	2026-09-22 00:00:00+03	2026-09-22 00:00:00+03	Погрібний Сергій Олексійович	https://od.reyestr.court.gov.ua/files/69/b80bed6ed5da7b2c9ca6534171bec811.rtf	9951		2	1	40370	1	61002	single_record_large_text
139924668	569/5712/14-ц	2026-09-09 00:00:00+03	2026-09-22 00:00:00+03	2026-09-22 00:00:00+03	Погрібний Сергій Олексійович	https://od.reyestr.court.gov.ua/files/69/f14be4f084502731d63e9f1fa11df258.rtf	9951		2	1	40318	1	50352	latest_publication_and_longer_text
139924665	320/8367/26	2026-09-10 00:00:00+03	2026-09-22 00:00:00+03	2026-09-22 00:00:00+03	Кривенда Олег Вікторович	https://od.reyestr.court.gov.ua/files/69/32abb5984f5e25cf72964c224fdc784d.rtf	9951		2	4	40058	1	46827	single_record_large_text
139860473	911/1138/25	2026-09-16 00:00:00+03	2026-09-18 00:00:00+03	2026-09-21 00:00:00+03	Ткач Ігор Васильович	https://od.reyestr.court.gov.ua/files/69/670e2491c748aff639a1ffd6dd47776f.rtf	9951		2	3	40222	1	35205	single_record_large_text
138916247	915/268/24	2026-07-15 00:00:00+03	2026-08-12 00:00:00+03	2026-08-13 00:00:00+03	Ткач Ігор Васильович	https://od.reyestr.court.gov.ua/files/69/9ee65b65c6b490880987c982ae9fc779.rtf	9951		2	3	40194	1	96856	single_record_large_text
138916246	910/10837/25	2026-07-01 00:00:00+03	2026-08-12 00:00:00+03	2026-08-13 00:00:00+03	Банасько Олександр Олександрович	https://od.reyestr.court.gov.ua/files/69/5fd03150c487012e38b9f4dfafcbfbe4.rtf	9951		2	3	40266	1	78149	single_record_large_text
